<?xml version="1.0" encoding="UTF-8"?>
<project xmlns="http://www.netbeans.org/ns/project/1">
    <type>org.netbeans.modules.apisupport.project</type>
    <configuration>
        <data xmlns="http://www.netbeans.org/ns/nb-module-project/3">
            <code-name-base>ISC</code-name-base>
            <suite-component/>
            <module-dependencies/>
            <public-packages>
                <package>com.intersys.cache</package>
                <package>com.intersys.cache.jbind</package>
                <package>com.intersys.cache.jdbcutil</package>
                <package>com.intersys.cache.jni</package>
                <package>com.intersys.cache.metadata</package>
                <package>com.intersys.cache.quick</package>
                <package>com.intersys.cache.serial</package>
                <package>com.intersys.cache.util</package>
                <package>com.intersys.classes</package>
                <package>com.intersys.classes.Compiler.LG</package>
                <package>com.intersys.classes.Dictionary</package>
                <package>com.intersys.classes.NBStudio</package>
                <package>com.intersys.classes.SYNC</package>
                <package>com.intersys.classes.XML</package>
                <package>com.intersys.classes.XML.SAX</package>
                <package>com.intersys.classes.XSQL.DSI</package>
                <package>com.intersys.codegenerator.ejb</package>
                <package>com.intersys.codegenerator.helpers</package>
                <package>com.intersys.codegenerator.java</package>
                <package>com.intersys.codegenerator.sql</package>
                <package>com.intersys.gateway</package>
                <package>com.intersys.jdbc</package>
                <package>com.intersys.jdbc.preparser2</package>
                <package>com.intersys.jdbcgateway</package>
                <package>com.intersys.jgss</package>
                <package>com.intersys.jsp</package>
                <package>com.intersys.jsse</package>
                <package>com.intersys.objects</package>
                <package>com.intersys.objects.reflect</package>
                <package>com.intersys.util</package>
                <package>com.jalapeno</package>
                <package>com.jalapeno.annotations</package>
                <package>com.jalapeno.idecommon.configuration</package>
                <package>com.jalapeno.idecommon.util</package>
                <package>com.jalapeno.runtime</package>
                <package>com.jalapeno.runtime.dynamic</package>
                <package>com.jalapeno.tools</package>
                <package>com.jalapeno.tools.objects</package>
                <package>com.jalapeno.tools.objects.ant</package>
                <package>com.jalapeno.tools.objects.common</package>
                <package>com.jalapeno.tools.objects.refactoring</package>
                <package>com.jalapeno.tools.sql</package>
                <package>com.jalapeno.tools.util</package>
            </public-packages>
            <class-path-extension>
                <runtime-relative-path>ext/cachegateway.jar</runtime-relative-path>
                <binary-origin>release/modules/ext/cachegateway.jar</binary-origin>
            </class-path-extension>
            <class-path-extension>
                <runtime-relative-path>ext/cachedb.jar</runtime-relative-path>
                <binary-origin>release/modules/ext/cachedb.jar</binary-origin>
            </class-path-extension>
            <class-path-extension>
                <runtime-relative-path>ext/cachejdbc.jar</runtime-relative-path>
                <binary-origin>release/modules/ext/cachejdbc.jar</binary-origin>
            </class-path-extension>
        </data>
    </configuration>
</project>
